,
the,这
of,的
and,和
to,到
a,一个
in,在
is,是
you,你
are,是
for,为了
that,那
or,或者
it,它
as,作为
be,是
on,在
your,你的
with,和
can,能
have,有
this,这
an,一个
by,经过
not,不是
but,但
at,在
from,从
I,我
they,他们
more,更多的
will,将要
if,如果
some,一些
there,那里
what,什么
about,关于
which,哪个
when,什么时候
one,一
their,他们的
all,全部
also,还
how,如何
many,许多
do,做
has,有
most,最多
people,人们
other,其他
time,时间
so,所以
was,曾是
we,我们
these,这些
may,可能
like,喜欢
use,使用
into,进入
than,比
up,向上
out,出去
who,WHO
them,他们
make,制作
because,因为
such,这样的
through,通过
get,得到
work,工作
even,甚至
different,不同的
its,它是
no,不
our,我们的
new,新的
film,电影
just,只是
only,仅有的
see,看
used,用过的
good,好的
water,水
been,到过
need,需要
should,应该
very,非常
any,任何
history,历史
often,经常
way,方式
well,出色地
art,艺术
know,知道
were,是
then,然后
my,我的
first,第一的
would,会
money,钱
each,每个
over,超过
world,世界
information,信息
map,地图
find,寻找
where,在哪里
much,很多
take,拿
two,二
want,想
important,重要的
family,家庭
those,那些
example,例子
while,尽管
he,他
look,看
government,政府
before,前
help,帮助
between,之间
go,去
own,自己的
however,然而
business,商业
us,我们
great,伟大的
his,他的
being,存在
another,其他
health,健康
same,相同的
study,学习
why,为什么
few,很少
game,游戏
might,可能
think,思考
free,自由的
too,也
had,有
hi,你好
right,正确的
still,仍然
system,系统
after,后
computer,电脑
best,最好的
must,必须
her,她
life,生活
since,自从
could,可以
does,做
now,现在
during,期间
learn,学习
around,大约
usually,通常
form,形式
meat,肉
air,空气
day,天
place,地方
become,变得
number,数字
public,民众
read,读
keep,保持
part,部分
start,开始
year,年
every,每一个
field,场地
large,大的
once,一次
available,可用的
down,向下
give,给
fish,鱼
human,人类
both,两个都
local,当地的
sure,当然
something,某物
without,没有
come,来
me,我
back,后退
better,更好的
general,一般的
process,过程
she,她
heat,热
thanks,谢谢
specific,具体的
enough,足够的
long,长的
lot,很多
hand,手
popular,受欢迎的
small,小的
though,尽管
experience,经验
include,包括
job,工作
music,音乐
person,人
really,真的
although,虽然
thank,感谢
book,书
early,早期的
reading,阅读
end,结尾
method,方法
never,绝不
less,较少的
play,玩
able,有能力的
data,数据
feel,感觉
high,高的
off,离开
point,观点
type,类型
whether,无论
food,食物
understanding,理解
here,这里
home,家
certain,肯定
economy,经济
little,小的
theory,理论
tonight,今晚
law,法律
put,放
under,在下面
value,价值
always,总是
body,身体
common,常见的
market,市场
set,放
bird,鸟
guide,指导
provide,提供
change,改变
interest,兴趣
literature,文学
sometimes,有时
problem,问题
say,说
next,下一个
create,创造
simple,简单的
software,软件
state,状态
together,一起
control,控制
knowledge,知识
power,力量
radio,收音机
ability,能力
basic,基本的
course,课程
economics,经济学
hard,难的
add,添加
company,公司
known,已知的
love,爱
past,过去的
price,价格
size,尺寸
away,离开
big,大的
internet,互联网
possible,可能的
television,电视
three,三
understand,理解
various,各种各样的
yourself,你自己
card,卡片
difficult,难的
including,包括
list,列表
mind,头脑
particular,特别的
real,真实的
science,科学
trade,贸易
consider,考虑
either,任何一个
library,图书馆
likely,可能
nature,自然
fact,事实
line,线
product,产品
care,关心
group,团体
idea,主意
risk,风险
several,一些
someone,某人
temperature,温度
united,团结的
word,单词
fat,胖的
force,力量
key,钥匙
light,光
simply,简单地
today,今天
training,训练
until,直到
major,主要的
name,姓名
personal,个人的
school,学校
top,顶部
current,当前的
generally,一般来说
historical,历史的
investment,投资
left,左边
national,国家的
amount,数量
level,等级
order,命令
practice,实践
research,研究
sense,感觉
service,服务
area,区域
cut,切
hot,热的
instead,反而
least,至少
natural,自然的
physical,身体的
piece,片
show,展示
society,社会
try,尝试
check,查看
choose,选择
develop,发展
second,第二
useful,有用
web,网络
activity,活动
boss,老板
short,短的
story,故事
call,称呼
industry,行业
last,最后的
media,媒体
mental,精神的
move,移动
pay,支付
sport,运动
thing,事物
actually,实际上
against,反对
far,远的
fun,乐趣
house,房子
let,让
page,页
remember,记住
term,学期
test,测试
within,之内
along,沿着
answer,回答
increase,增加
oven,烤箱
quite,相当
scared,害怕的
single,单身的
sound,声音
again,再次
community,社区
definition,定义
focus,重点
individual,个人
matter,事情
safety,安全
turn,转动
everything,一切
kind,种类
quality,质量
soil,土壤
ask,问
board,木板
buy,买
development,发展
guard,警卫
hold,抓住
language,语言
later,之后
main,主要的
offer,提供
oil,油
picture,图片
potential,潜在的
professional,专业的
rather,相当
access,使用权
additional,额外的
almost,几乎
especially,尤其
garden,花园
international,国际的
lower,降低
management,管理
open,打开
player,玩家
range,范围
rate,速度
reason,原因
travel,旅行
variety,种类
video,视频
week,星期
above,多于
according,根据
cook,厨师
determine,决定
future,未来
site,地点
alternative,选择
demand,要求
ever,曾经
exercise,锻炼
following,下列的
image,图像
quickly,迅速地
special,特别的
working,在职的
case,案件
cause,原因
coast,海岸
probably,大概
security,安全
true ,真的 
whole,所有的
action,行动
age,年龄
among,之中
bad,坏的
boat,船
country,国家
dance,舞蹈
exam,考试
excuse,原谅
grow,生长
movie,电影
organization,组织
record,记录
result,结果
section,部分
across,穿过
already,已经
below,以下
building,建筑
mouse,老鼠
allow,允许
cash,现金
class,班级
clear,清除
dry,干燥
easy,简单的
emotional,情绪化的
equipment,设备
live,居住
nothing,没有什么
period,时期
physics,物理
plan,计划
store,店铺
tax,税
analysis,分析
cold,寒冷的
commercial,商业的
directly,直接地
full,满的
involved,涉及
itself,本身
low,低的
old,老的
policy,政策
political,政治的
purchase,购买
series,系列
side,边
subject,主题
supply,供应
therefore,所以
thought,想法
basis,基础
boyfriend,男朋友
deal,交易
direction,方向
mean,意思是
primary,基本的
space,空间
strategy,战略
technology,技术
worth,值得
army,军队
camera,相机
fall,落下
freedom,自由
paper,纸
rule,规则
similar,相似的
stock,库存
weather,天气
yet,然而
bring,带来
chance,机会
environment,环境
everyone,每个人
figure,数字
improve,提升
man,男人
model,模型
necessary,必要的
positive,积极的
produce,生产
search,搜索
source,来源
beginning,开始
child,孩子
earth,地球
else,别的
healthy,健康
instance,实例
maintain,维持
month,月
present,展示
program,程序
spend,花费
talk,讲话
truth,真相
upset,沮丧的
begin,开始
chicken,鸡
close,关闭
creative,有创造力的
design,设计
feature,特征
financial,金融的
head,头
marketing,营销
material,材料
medical,医疗的
purpose,目的
question,问题
rock,岩石
salt,盐
tell,告诉
themselves,他们自己
traditional,传统的
university,大学
writing,写作
act,行为
article,文章
birth,出生
car,车
cost,成本
department,部门
difference,不同之处
dog,狗
drive,驾驶
exist,存在
federal,联邦
goal,目标
green,绿色的
late,晚的
news,消息
object,目的
scale,规模
sun,太阳
support,支持
tend,趋向
thus,因此
audience,观众
enjoy,享受
entire,全部的
fishing,钓鱼
fit,合身
glad,高兴的
growth,生长
income,收入
marriage,婚姻
note,笔记
perform,履行
profit,利润
proper,恰当的
related,有关的
remove,消除
rent,租
return,返回
run,跑步
speed,速度
strong,强的
style,风格
throughout,自始至终
user,用户
war,战争
actual,实际的
appropriate,合适的
bank,银行
combination,组合
complex,复杂的
content,内容
craft,工艺
due,到期的
easily,容易地
effective,有效的
eventually,最终
exactly,确切地
failure,失败
half,一半
inside,里面
meaning,意义
medicine,药品
middle,中间
outside,外部
philosophy,哲学
regular,常规的
reserve,预订
standard,标准
bus,公共汽车
decide,决定
exchange,交换
eye,眼睛
fast,快速地
fire,火
identify,确认
independent,独立的
leave,离开
original,原来的
position,位置
pressure,压力
reach,抵达
rest,休息
serve,服务
stress,压力
teacher,老师
watch,手表
wide,宽的
advantage,优势
beautiful,美丽的
benefit,益处
box,盒子
charge,收费
communication,沟通
complete,完全的
continue,继续
frame,框架
issue,问题
limited,有限的
night,夜晚
protect,保护
require,要求
significant,重要的
step,步
successful,成功的
unless,除非
active,积极的
break,休息
chemistry,化学
cycle,循环
disease,疾病
disk,磁盘
electrical,电气
energy,活力
expensive,昂贵的
face,脸
interested,感兴趣的
item,物品
metal,金属
nation,国家
negative,消极的
occur,发生
paint,画
pregnant,孕
review,审查
road,路
role,角色
room,房间
safe,安全的
screen,屏幕
soup,汤
stay,停留
structure,结构
view,看法
visit,访问
visual,视觉的
write,写
wrong,错误的
account,帐户
advertising,广告
affect,影响
ago,前
anyone,任何人
approach,方法
avoid,避免
ball,球
behind,在后面
certainly,当然
concerned,担心的
cover,覆盖
discipline,纪律
location,地点
medium,中等的
normally,通常情况下
prepare,准备
quick,快的
ready,准备好
report,报告
rise,上升
share,分享
success,成功
addition,添加
apartment,公寓
balance,平衡
bit,少量
black,黑色的
bottom,底部
build,建造
choice,选择
education,教育
gift,礼物
impact,影响
machine,机器
math,数学
moment,片刻
painting,绘画
politics,政治
shape,形状
straight,直的
tool,工具
walk,走
white,白色的
wind,风
achieve,达到
address,地址
attention,注意力
average,平均的
believe,相信
beyond,超过
career,职业
culture,文化
decision,决定
direct,直接的
event,事件
excellent,出色的
extra,额外的
intelligent,聪明的
interesting,有趣的
junior,初级
morning,早晨
pick,挑选
poor,贫穷的
pot,锅
pretty,漂亮的
property,财产
receive,收到
seem,似乎
shopping,购物
sign,符号
student,学生
table,桌子
task,任务
unique,独特的
wood,木头
anything,任何事物
classic,经典的
competition,竞赛
condition,状况
contact,接触
credit,信用
currently,现在
discuss,讨论
distribution,分配
egg,蛋
entertainment,娱乐
final,最终的
happy,快乐的
hope,希望
ice,冰
lift,举起
mix,混合
network,网络
north,北
office,办公室
overall,全面的
population,人口
president,总统
private,私人的
realize,意识到
responsible,负责任的
separate,分离
square,正方形
stop,停止
teach,教
unit,单元
western,西
yes,是的
alone,独自的
attempt,试图
category,类别
cigarette,卷烟
concern,忧虑
contain,包含
context,语境
cute,可爱的
date,日期
effect,影响
extremely,极其
familiar,熟悉的
finally,最后
fly,飞
follow,跟随
helpful,有帮助的
introduction,介绍
link,关联
official,官方的
opportunity,机会
perfect,完美的
performance,表现
post,邮政
recent,最近的
refer,参考
solve,解决
star,星星
voice,嗓音
willing,愿意的
born,出生
bright,明亮的
broad,广阔
capital,首都
challenge,挑战
comfortable,舒服的
constantly,不断地
describe,描述
despite,尽管
driver,司机
flat,平坦的
flight,航班
friend,朋友
gain,获得
him,他
length,长度
magazine,杂志
maybe,或许
newspaper,报纸
nice,好的
prefer,更喜欢
prevent,防止
properly,适当地
relationship,关系
rich,富有的
save,节省
self,自己
shot,射击
soon,很快
specifically,具体来说
stand,站立
teaching,教学
warm,温暖的
wonderful,精彩的
young,年轻的
ahead,前面
brush,刷子
cell,细胞
couple,夫妻
daily,日常的
dealer,经销商
debate,辩论
discover,发现
ensure,确保
exit,出口
expect,预计
experienced,有经验的
fail,失败
finding,发现
front,正面
function,功能
heavy,重的
hello,你好
highly,高度
immediately,立即地
impossible,不可能的
invest,投资
lack,缺少
lake,湖
lead,带领
listen,听
living,活的
member,成员
message,信息
phone,电话
plant,植物
plastic,塑料
reduce,减少
relatively,相对地
scene,场景
serious,严肃的
slowly,慢慢地
speak,说话
spot,点
summer,夏天
taste,品尝
theme,主题
towards,向
track,追踪
valuable,有价值的
whatever,任何
wing,翼
worry,担心
appear,出现
appearance,外貌
association,协会
brain,脑
button,按钮
click,点击
concept,概念
correct,正确的
customer,顾客
death,死亡
desire,欲望
discussion,讨论
explain,解释
explore,探索
express,表达
fairly,相当
fixed,固定的
foot,脚
gas,气体
handle,处理
housing,住房
huge,巨大的
inflation,通货膨胀
influence,影响
insurance,保险
involve,涉及
leading,领导
lose,失去
meet,见面
mood,情绪
notice,注意
primarily,主要是
rain,雨
rare,稀有的
release,发布
sell,卖
slow,慢的
technical,技术的
typical,典型的
upon,之上
wall,墙
woman,女士
advice,建议
afford,买得起
agree,同意
base,根据
blood,血
clean,干净的
competitive,竞争的
completely,完全地
critical,批判的
damage,损害
distance,距离
effort,努力
electronic,电子的
expression,表达
feeling,感觉
finish,结束
fresh,新鲜的
hear,听到
immediate,即时
importance,重要性
normal,普通的
opinion,观点
otherwise,否则
pair,一对
payment,支付
plus,加
press,按
reality,现实
remain,保持
represent,代表
responsibility,责任
ride,骑
savings,储蓄
secret,秘密
situation,情况
skill,技能
spread,传播
spring,春天
staff,职员
statement,陈述
sugar,糖
target,目标
text,文本
tough,艰难的
ultimately,最终
wait,等待
wealth,财富
whenever,每当
whose,谁
widely,广泛
animal,动物
application,应用
apply,申请
author,作者
aware,意识到的
brown,棕色的
budget,预算
cheap,便宜的
city,城市
complicated,复杂的
county,县
deep,深的
depth,深度
discount,折扣
display,展示
educational,教育性的
environmental,环境的
estate,财产
file,文件
flow,流动
forget,忘记
foundation,基础
global,全球的
grandmother,祖母
ground,地面
heart,心
hit,打
legal,合法的
lesson,课
minute,分钟
near,靠近
objective,客观的
officer,官
perspective,看法
phase,阶段
photo,照片
recently,最近
recipe,食谱
recommend,推荐
reference,参考
register,登记
relevant,相关的
rely,依靠
secure,安全的
seriously,严重地
shoot,射击
sky,天空
stage,阶段
stick,戳
studio,工作室
thin,薄的
title,标题
topic,话题
touch,触碰
trouble,麻烦
vary,各不相同
accurate,准确的
advanced,先进的
bowl,碗
bridge,桥
campaign,活动
cancel,取消
capable,有能力的
character,特点
chemical,化学
club,俱乐部
collection,收藏
cool,凉爽的
cry,哭
dangerous,危险的
depression,沮丧
dump,倾倒
edge,边缘
evidence,证据
extreme,极端
fan,扇子
frequently,频繁地
fully,完全
generate,产生
imagination,想像力
letter,信
lock,锁
maximum,最大限度
mostly,大多
myself,我
naturally,自然
nearly,几乎
novel,小说
obtain,获得
occasionally,偶尔
option,选项
organized,有组织的
pack,盒
park,公园
passion,热情
percentage,百分比
plenty,足够
push,推
quarter,四分之一
resource,资源
select,选择
setting,环境
skin,皮肤
sort,种类
weight,重量
accept,接受
ad,广告
agency,机构
baby,婴儿
background,背景
carefully,小心
carry,携带
clearly,清楚地
college,大学
communicate,交流
complain,抱怨
conflict,冲突
connection,联系
criticism,批评
debt,债务
depend,依赖
description,描述
die,死
dish,盘子
dramatic,戏剧性
eat,吃
efficient,高效的
enter,进入
essentially,本质上
exact,精确的
factor,因素
fair,公平的
fill,充满
fine,美好的
formal,正式的
forward,向前
fruit,水果
glass,玻璃
happen,发生
indicate,表明
joint,联合的
jump,跳
kick,踢
master,掌握
memory,记忆
muscle,肌肉
opposite,对面的
pass,经过
patience,耐心
pitch,沥青
possibly,可能
powerful,强大的
red,红色的
remote,偏僻的
secretary,秘书
slightly,轻微地
solution,解决方案
somewhat,有些
strength,力量
suggest,建议
survive,存活
total,全部的
traffic,交通
treat,对待
trip,旅行
vast,广阔的
vegetable,蔬菜
abuse,虐待
administration,行政
appeal,上诉
appreciate,欣赏
aspect,方面
attitude,态度
beat,打
burn,烧伤
chart,图表
compare,比较
deposit,订金
director,导演
equally,同样地
foreign,外国的
gear,齿轮
greatly,大大地
hungry,饥饿的
ideal,理想的
imagine,想象
kitchen,厨房
land,土地
log,日志
lost,丢失的
manage,管理
mother,母亲
necessarily,一定
net,网
party,派对
personality,性格
personally,亲自
practical,实际的
principle,原则
print,打印
psychological,心理
psychology,心理学
raise,增加
rarely,很少
recommendation,推荐
regularly,经常
relative,相对的
response,回复
sale,销售
season,季节
selection,选择
severe,严重
signal,信号
similarly,相似地
sleep,睡觉
smooth,光滑的
somewhere,某处
spirit,精神
storage,贮存
street,街道
suitable,合适的
tree,树
version,版本
wave,海浪
advance,进步
alcohol,酒精
anywhere,任何地方
argument,争论
basically,基本上
belt,腰带
bench,长椅
closed,关闭
closely,密切
commission,委员会
complaint,抱怨
connect,连接
consist,组成
contract,合同
contribute,贡献
copy,复制
dark,黑暗的
differ,不同
double,双倍的
draw,画
drop,降低
effectively,有效地
emphasis,强调
encourage,鼓励
equal,平等的
everybody,大家
expand,扩张
firm,公司
fix,使固定
frequent,经常的
highway,公路
hire,聘请
initially,最初
internal,内部的
join,加入
kill,杀
literally,字面上地
loss,损失
mainly,主要是
membership,会员资格
merely,仅仅
minimum,最低限度
numerous,很多的
path,小路
possession,拥有
preparation,准备
progress,进步
project,项目
prove,证明
react,反应
recognize,认出
relax,放松
replace,代替
sea,海
sensitive,敏感的
sit,坐
south,南
status,地位
steak,牛排
stuff,东西
sufficient,充足的
tap,轻敲
ticket,票
tour,旅游
union,联盟
unusual,异常
win,赢
agreement,协议
angle,角度
attack,攻击
blue,蓝色的
borrow,借
breakfast,早餐
cancer,癌症
claim,宣称
confidence,信心
consistent,持续的
constant,持续的
cultural,文化
currency,货币
daughter,女儿
degree,程度
doctor,医生
dot,点
drag,拖
dream,梦
drink,喝
duty,责任
earn,赚
emphasize,强调
employment,就业
enable,使能够
engineering,工程
entry,入口
essay,散文
existing,现存的
famous,著名的
father,父亲
fee,费用
finance,金融
gently,轻轻地
guess,猜测
hopefully,希望
hour,小时
interaction,相互作用
juice,汁
limit,限制
luck,运气
milk,牛奶
minor,次要的
mixed,混合的
mixture,混合物
mouth,嘴
nor,也不
operate,操作
originally,起初
peace,和平
pipe,管道
please,请
preference,偏爱
previous,以前的
pull,拉
pure,纯的
raw,生的
reflect,反映
region,地区
republic,共和国
roughly,大致
seat,座位
send,发送
significantly,显著地
soft,柔软的
solid,坚硬的
stable,稳定的
storm,风暴
substance,物质
team,团队
tradition,传统
trick,诡计
virus,病毒
wear,穿
weird,诡异的
wonder,想知道
actor,演员
afraid,害怕的
afternoon,下午
amazing,惊人的
annual,年度的
anticipate,预料
assume,认为
bat,蝙蝠
beach,海滩
blank,空白的
busy,忙碌的
catch,抓住
chain,链
classroom,课堂
consideration,考虑
count,数数
cream,奶油
crew,全体人员
dead,死的
delivery,送货
detail,细节
detailed,详细的
device,设备
difficulty,困难
doubt,怀疑
drama,戏剧
election,选举
engage,从事
engine,引擎
enhance,提高
examine,检查
false ,错误的 
feed,喂养
football,足球
forever,永远
gold,金子
guidance,指导
hotel,酒店
impress,留下深刻印象
install,安装
interview,面试
kid,孩子
mark,标记
match,匹配
mission,使命
nobody,没有人
obvious,明显的
ourselves,我们自己
owner,所有者
pain,疼痛
participate,参加
pleasure,乐趣
priority,优先事项
protection,保护
repeat,重复
round,圆形的
score,分数
screw,拧紧
seek,寻找
sex,性别
sharp,锋利的
shop,店铺
shower,淋浴
sing,唱歌
slide,滑动
strip,条
suggestion,建议
suit,套装
tension,紧张
thick,厚的
tone,语气
totally,完全
twice,两次
variation,变化
whereas,然而
window,窗户
wise,明智的
wish,希望
agent,代理人
anxiety,焦虑
atmosphere,气氛
awareness,意识
band,乐队
bath,洗澡
block,堵塞
bone,骨
bread,面包
calendar,日历
candidate,候选人
cap,帽
careful,小心
climate,气候
coat,外套
collect,收集
combine,结合
command,命令
comparison,比较
confusion,困惑
construction,建造
contest,竞赛
corner,角落
court,法庭
cup,杯子
dig,挖
district,区
divide,划分
door,门
east,东方
elevator,电梯
elsewhere,别处
emotion,情感
employee,员工
employer,雇主
equivalent,相等的
everywhere,到处
except,除了
finger,手指
garage,车库
guarantee,保证
guest,客人
hang,悬挂
height,高度
himself,他自己
hole,洞
hook,钩
hunt,打猎
implement,实施
initial,最初的
intend,打算
introduce,介绍
latter,后者
layer,层
leadership,领导
lecture,演讲
lie,说谎
mall,购物中心
manager,经理
manner,方式
march,行进
married,已婚
meeting,会议
mention,提到
narrow,狭窄的
nearby,附近
neither,两者都不
nose,鼻子
obviously,明显地
operation,手术
parking,停車處
partner,伙伴
perfectly,完美
physically,身体上的
profile,轮廓
proud,自豪的
recording,记录
relate,涉及
respect,尊重
rice,米
routine,常规
sample,样本
schedule,日程
settle,定居
smell,闻
somehow,不知何故
spiritual,精神
survey,民意调查
swimming,游泳
telephone,电话
tie,领带
tip,提示
transportation,运输
unhappy,不高兴
wild,荒野
winter,冬天
absolutely,绝对地
acceptable,可以接受
adult,成人
aggressive,挑衅的
airline,航空公司
apart,分开
assure,保证
attract,吸引
bag,包
battle,战斗
bed,床
bill,账单
boring,无聊的
bother,打扰
brief,简短的
cake,蛋糕
charity,慈善事业
code,代码
cousin,表哥
crazy,疯狂的
curve,曲线
designer,设计师
dimension,方面
disaster,灾难
distinct,清楚的
distribute,分发
dress,裙子
ease,舒适
eastern,东
editor,编辑
efficiency,效率
emergency,紧急情况
escape,逃脱
evening,晚上
excitement,激动
expose,暴露
extension,扩大
extent,程度
farm,农场
feedback,反馈
fight,斗争
gap,差距
gather,收集
grade,年级
guitar,吉他
hate,恨
holiday,假期
homework,家庭作业
horror,恐怖
horse,马
host,主持人
husband,丈夫
leader,领导者
loan,贷款
logical,逻辑的
mistake,错误
mom,妈妈
mountain,山
nail,指甲
noise,噪音
none,没有任何
occasion,场合
outcome,结果
overcome,克服
owe,欠
package,包裹
patient,病人
pause,暂停
permission,允许
phrase,短语
presentation,推介会
prior,事先的
promotion,晋升
proof,证明
race,种族
reasonable,合理的
reflection,反射
refrigerator,冰箱
relief,宽慰
repair,维修
resolution,解决
revenue,收入
rough,粗糙的
sad,伤心
sand,沙
scratch,划痕
sentence,句子
session,会议
shoulder,肩膀
sick,生病的
singer,歌手
smoke,抽烟
stomach,胃
strange,奇怪的
strict,严格的
strike,罢工
string,细绳
succeed,成功
successfully,成功地
suddenly,突然
suffer,遭受
surprised,惊讶
tennis,网球
throw,扔
tourist,游客
towel,毛巾
truly,确实
vacation,假期
virtually,几乎
west,西方
wheel,车轮
wine,葡萄酒
acquire,获得
adapt,适应
adjust,调整
administrative,行政
altogether,共
anyway,反正
argue,争论
arise,出现
arm,手臂
aside,放在一边
associate,联系
automatic,自动的
automatically,自动地
basket,篮子
bet,赌注
blow,吹
bonus,奖金
border,边界
branch,分支
breast,胸部
brother,兄弟
buddy,伙伴
bunch,束
cabinet,内阁
childhood,童年
chip,芯片
church,教会
civil,民事的
clothes,衣服
coach,教练
coffee,咖啡
confirm,确认
cross,叉
deeply,深
definitely,确实
deliberately,故意地
dinner,晚餐
document,文档
draft,草稿
drawing,绘画
dust,灰尘
employ,采用
encouraging,鼓励
expert,专家
external,外部的
floor,地面
former,以前的
god,上帝
golf,高尔夫球
habit,习惯
hair,头发
hardly,几乎不
hearing,听力
hurt,伤害
illegal,非法的
incorporate,包含
initiative,倡议
iron,铁
judge,法官
judgment,判断
justify,证明合法
knife,刀
lab,实验室
landscape,景观
laugh,笑
lay,躺着
league,联盟
loud,大声
mail,邮件
massive,大量的
measurement,测量
mess,混乱
mobile,移动的
mode,模式
mud,泥
nasty,可恶的
native,本国的
opening,开幕
orange,橙子
ordinary,普通的
organize,组织
ought,应该
parent,家长
pattern,图案
pin,别针
poetry,诗
police,警察
pool,水池
possess,具有
possibility,可能性
pound,磅
procedure,程序
queen,女王
ratio,比率
readily,容易
relation,关系
relieve,缓解
request,要求
respond,回应
restaurant,餐厅
retain,保持
royal,皇家的
salary,薪水
satisfaction,满意
sector,部门
senior,高级的
shame,耻辱
shelter,庇护所
shoe,鞋
shut,关闭
signature,签名
significance,意义
silver,银
somebody,某人
song,歌曲
southern,南部
split,分裂
strain,拉紧
struggle,斗争
super,极好的
swim,游泳
tackle,处理
tank,坦克
terribly,可怕
tight,紧的
tooth,齿
town,镇
train,火车
trust,相信
unfair,不公平
unfortunately,很遗憾
upper,上
vehicle,车辆
visible,可见的
volume,体积
wash,洗
waste,浪费
wife,妻子
yellow,黄色的
yours,你的
accident,事故
airport,飞机场
alive,活
angry,生气的
appointment,预约
arrival,到达
assist,协助
assumption,假设
bake,烤
bar,酒吧
baseball,棒球
bell,钟
bike,自行车
blame,责备
boy,男生
brick,砖
calculate,计算
chair,椅子
chapter,章
closet,壁橱
clue,线索
collar,衣领
comment,评论
committee,委员会
compete,竞争
concerning,有关
conference,会议
consult,咨询
conversation,对话
convert,转变
crash,碰撞
database,数据库
deliver,递送
dependent,依赖的
desperate,绝望的
devil,魔鬼
diet,饮食
enthusiasm,热情
error,错误
exciting,令人兴奋的
explanation,解释
extend,延长
farmer,农民
fear,害怕
fold,折叠
forth,向前
friendly,友好的
fuel,燃料
funny,有趣的
gate,门
girl,女孩
glove,手套
grab,抓住
gross,总的
hall,大厅
herself,她自己
hide,隐藏
historian,历史学家
hospital,医院
ill,患病的
injury,受伤
instruction,操作说明
investigate,调查
jacket,夹克
lucky,幸运的
lunch,午餐
maintenance,维护
manufacturer,制造商
meal,一顿饭
miss,错过
monitor,监视器
mortgage,抵押
negotiate,谈判
nurse,护士
pace,步伐
panic,恐慌
peak,顶峰
perception,洞察力
permit,允许
pie,馅饼
plane,飞机
poem,诗
presence,在场
proposal,提议
provided,假如
qualify,有资格
quote,引用
realistic,实际的
reception,接待
recover,恢复
replacement,替代品
resolve,解决
retire,退休
revolution,革命
reward,报酬
rid,摆脱
river,河
roll,卷
row,排
sandwich,三明治
shock,震惊
sink,下沉
slip,滑
son,儿子
sorry,对不起
spare,空闲的
speech,演讲
spite,恶意
spray,喷
surprise,惊喜
suspect,怀疑
sweet,甜的
swing,摇摆
tea,茶
till,直到
transition,过渡
twist,捻
ugly,丑陋的
unlikely,不太可能
upstairs,楼上
usual,通常
village,村庄
warning,警告
weekend,周末
weigh,称重
welcome,欢迎
winner,优胜者
worker,工人
writer,作家
yard,院子
abroad,国外
alarm,警报
anxious,焦虑的
arrive,到达
assistance,协助
attach,附
behave,表现
bend,弯曲
bicycle,自行车
bite,咬
blind,瞎的
bottle,瓶子
brave,勇敢的
breath,气息
briefly,简要地
buyer,买方
cable,电缆
calm,冷静的
candle,蜡烛
celebrate,庆祝
chest,胸部
chocolate,巧克力
clerk,职员
cloud,云
comprehensive,综合的
concentrate,集中
concert,音乐会
conclusion,结论
contribution,贡献
convince,说服
cookie,曲奇饼
counter,柜台
courage,勇气
curious,好奇的
dad,爸爸
desk,桌子
dirty,肮脏的
disagree,不同意
downtown,市中心
drawer,抽屉
establish,建立
establishment,设立
estimate,估计
examination,考试
flower,花
garbage,垃圾
grand,盛大
grandfather,祖父
grocery,杂货店
harm,伤害
honest,诚实的
honey,蜂蜜
ignore,忽略
imply,意味着
impression,印象
impressive,感人的
improvement,改进
independence,独立
informal,非正式的
inner,内
insect,昆虫
insist,坚持
inspection,检查
inspector,检查员
king,国王
knee,膝盖
ladder,梯子
lawyer,律师
leather,皮革
load,加载
loose,松动的
male,男性
menu,菜单
mine,矿
mirror,镜子
moreover,而且
neck,脖子
penalty,惩罚
pension,养老金
piano,钢琴
plate,盘子
pleasant,令人愉快的
pleased,高兴
potato,土豆
profession,职业
professor,教授
prompt,迅速的
proposed,建议的
purple,紫色的
pursue,追求
quantity,数量
quiet,安静的
reaction,反应
refuse,拒绝
regret,后悔
remaining,其余的
requirement,要求
reveal,揭示
ruin,废墟
rush,匆忙
salad,沙拉
sexual,性的
shake,摇
shift,转移
shine,闪耀
ship,船
sister,姐姐
skirt,裙子
slice,片
snow,雪
specialist,专家
specify,指定
steal,偷
stroke,中风
strongly,强烈地
suck,吸
sudden,突然的
supermarket,超级市场
surround,环绕
switch,转变
terrible,糟糕的
tired,疲劳的
tongue,舌头
trash,垃圾
tune,调
unable,无法
warn,警告
weak,虚弱的
weakness,弱点
wedding,婚礼
wooden,木制的
worried,担心
yeah,是的
zone,区
accuse,控
admire,钦佩
admit,承认
adopt,采纳
affair,事务
ambition,志向
analyst,分析师
anger,愤怒
announce,宣布
anybody,任何人
apologize,道歉
apple,苹果
approve,批准
asleep,睡着了
assignment,任务
assistant,助手
attend,出席
award,奖
bathroom,浴室
bear,熊
bedroom,卧室
beer,啤酒
belong,属于
bid,出价
birthday,生日
bitter,苦的
boot,启动
brilliant,杰出的
bug,漏洞
camp,营
candy,糖果
carpet,地毯
cat,猫
celebration,庆典
champion,冠军
championship,锦标赛
channel,渠道
cheek,脸颊
client,客户
clock,钟
comfort,舒适
commit,犯罪
confident,自信的
conscious,有意识的
consequence,结果
cow,奶牛
crack,裂缝
criticize,批评
dare,敢
dear,亲爱的
decent,体面的
delay,延迟
departure,离开
deserve,应得
destroy,破坏
diamond,钻石
dirt,污垢
disappointed,失望的
drunk,醉
ear,耳朵
embarrassed,尴尬的
empty,空的
engineer,工程师
entrance,入口
fault,过错
female,女性
fortune,财富
friendship,友谊
funeral,葬礼
gene,基因
girlfriend,女朋友
grass,草
guilty,有罪的
guy,家伙
hat,帽子
hell,地狱
hesitate,犹豫
highlight,强调
honestly,诚实地
hurry,匆忙
illustrate,阐明
incident,事件
indication,指示
inevitable,不可避免的
inform,通知
intention,意图
invite,邀请
island,岛
joke,开玩笑
jury,陪审团
kiss,吻
lady,女士
leg,腿
lip,唇
lonely,孤独
mad,疯狂的
manufacturing,制造业
marry,结婚
mate,伴侣
midnight,午夜
motor,发动机
neat,整洁的
negotiation,谈判
nerve,神经
nervous,紧张的
nowhere,无处
obligation,义务
odd,奇怪的
ok,好的
passage,通道
passenger,乘客
pen,笔
persuade,说服
pizza,比萨
platform,平台
poet,诗人
pollution,污染
pop,流行音乐
pour,倒
pray,祈祷
pretend,假装
previously,之前
pride,自豪
priest,牧师
prize,奖
promise,承诺
propose,提出
punch,冲床
quit,辞职
recognition,认出
remarkable,卓越
remind,提醒
reply,回复
representative,代表
reputation,名声
resident,居民
resist,抵抗
resort,采取
ring,戒指
rip,撕裂
roof,屋顶
rope,绳索
rub,擦
sail,帆
scheme,方案
script,脚本
shall,将
shirt,衬衫
silly,愚蠢的
sir,先生
slight,轻微
smart,聪明的
smile,微笑
sock,短袜
speaker,扬声器
spell,拼写
station,车站
stranger,陌生人
stretch,拉紧
stupid,愚蠢的
submit,提交
substantial,重大的
suppose,认为
surgery,外科手术
suspicious,可疑的
sympathy,同情
tale,故事
tall,高的
tear,撕
temporary,暂时的
throat,喉
tiny,微小的
toe,脚趾
tomorrow,明天
tower,塔
trainer,教练员
translate,翻译
truck,卡车
uncle,叔叔
wake,唤醒
weekly,每周
whoever,谁
witness,证人
wrap,裹
yesterday,昨天
youth,青年